now,1d,5d,1mo,1y,5y
2.9655001163482666,3.0899999141693115,2.869999885559082,2.619999885559082,0.9599999785423279,
